old_path,new_path
/index.html,/
/profile.html,/company/
/contact.html,/contact/
/enquiry.php,/contact/
/resources.html,/knowledge/
/wire-drawing-machine.html,/wire-drawing/
/oto-type-wire-drawing-machine.html,/wire-drawing/oto-machines/
/straight-line-wire-drawing-machine.html,/wire-drawing/straight-line-machines/
/dead-block-coilers.html,/wire-drawing/dead-block-coilers/
/horizontal-take-up-for-gi-wire-plant.html,/wire-drawing/take-ups/
/horizontal-take-up-for-strand-pickling.html,/wire-drawing/take-ups/
/spooler-for-wire-drawing-line.html,/wire-drawing/spoolers/
/inverted-vertical-wire-drawing-machine.html,/wire-drawing/inverted-vertical-machines/
/payoff-stands.html,/wire-drawing/pay-offs/
/annealing-furnace.html,/wire-drawing/annealing-furnaces/
/batch-pickling-system.html,/wire-drawing/#line
/tunnel-pickling-system.html,/wire-drawing/#line
/fumeless-pickling.html,/wire-drawing/#line
/electro-galvanized.html,/wire-drawing/galvanized-wire-lines/
/hot-dip-galvanizing-plant.html,/galvanizing/
/galvanizing-furnaces.html,/galvanizing/pulse-fired-furnaces/
/zinc-furnace.html,/galvanizing/pulse-fired-furnaces/
/galvanizing-kettle.html,/galvanizing/zinc-kettles/
/eot-crane.html,/galvanizing/cranes-material-handling/
/hot-air-dryer.html,/galvanizing/dryers-heat-recovery/
/flux-heating-system.html,/galvanizing/dryers-heat-recovery/
/flux-regeneration.html,/galvanizing/flux-filtration-regeneration/
